,1D,5D,SM,M,Mean
SPX_1D,0.00028230805454845017,-0.0005464558537041832,-0.0053680705454526335,-0.0105299559596971,-0.004040543576076367
SPX_5D,-0.007421465068638282,-0.004915846340196651,0.0013191973338054672,-0.0014779913273561837,-0.0031240263505964124
SPX_10D,-0.0049815496198924005,0.00012541604678886648,-0.008851824637044965,-0.012619927571934234,-0.0065819714455206835
SPX_15D,0.0192414105900728,-0.0011255920890265159,-0.015302553900361034,-0.01967360707300783,-0.004215085618080646
SPX_20D,0.012564536496593665,0.015631250538838615,-0.014413649450890414,-0.024936342851219984,-0.002788551316669529
SPX_40D,0.0007540497060053997,0.001045466108083987,-0.0013024182840233173,-0.005542321244667701,-0.001261305928650408
SPX_60D,-0.005138579376284119,0.014736478171981385,-0.019844783269955504,-0.005620792566354368,-0.003966919260153152
SPX_120D,-0.0009946770870318648,0.00421491621753745,0.0014872675127525353,0.03320272157092345,0.009477557053545393
