,1D,5D,SM,M,Mean
SPX_1D,-0.0016106702088077333,-0.0005464558537041832,-0.0053680705454526335,-0.0105299559596971,-0.004513788141915413
SPX_5D,-0.0011448910977231166,-0.004915846340196651,0.0013191973338054672,-0.0014779913273561837,-0.001554882857867621
SPX_10D,-0.007177087889987985,0.00012541604678886648,-0.008851824637044965,-0.012619927571934234,-0.007130856013044579
SPX_15D,0.005156929259492435,-0.0011255920890265159,-0.015302553900361034,-0.01967360707300783,-0.007736205950725737
SPX_20D,-0.0050543781059935,0.015631250538838615,-0.014413649450890418,-0.024936342851219984,-0.007193279967316321
SPX_40D,-0.026265225079686417,0.001045466108083987,-0.0013024182840233173,-0.005542321244667701,-0.008016124625073362
SPX_60D,-0.04159802700728884,0.014736478171981385,-0.019844783269955504,-0.005620792566354368,-0.01308178116790433
SPX_120D,-0.05105215215250808,0.00421491621753745,0.0014872675127525353,0.03320272157092345,-0.00303681171282366
