,1d,5d,SM,M,Mean,5DSM Mean
SPX_1D,-0.007954577,0.0003768038,-0.016682617,-0.002735103,-0.007444268,-0.008152907
SPX_5D,-0.016764963,-0.008834833,-0.026720183,0.012086003,0.017135013,-0.017777508
SPX_10D,-0.01977186,0.016686952,-0.033553336,0.02001596,0.040880337,-0.008433192
SPX_15D,-0.01601926,0.03810876,-0.0785034,0.090914756,0.008625213,-0.02019732
SPX_20D,-0.009314893,0.022010839,-0.051822774,-0.027161915,-0.016572185,-0.014905968
SPX_40D,0.003800081,0.03530372,-0.06346203,-0.043169986,-0.016882055,-0.014079154
SPX_60D,-0.032925088,-0.014709136,-0.054534357,-0.13842292,-0.060147874,-0.034621745
SPX_120D,0.076321736,0.112102285,-0.0533612,0.025911821,0.04024366,0.029370543
