,1d,5d,SM,M,Mean,5DSM Mean
SPX_1D,0.006399748,-0.00916565,0.0023574515,0.021839242,0.005357698,-0.0034040995
SPX_5D,-0.015055854,-0.004868693,-0.022627141,0.046947327,0.0010989094,-0.0137479175
SPX_10D,-0.011315776,0.010594969,-0.016755069,0.011598909,-0.0014692419,-0.00308005
SPX_15D,-0.022267353,0.051621348,-0.045989588,-0.0070320955,-0.0059169224,0.0028158799
SPX_20D,-0.011051139,0.0009090968,-0.05384595,0.018946465,-0.011260382,-0.026468426
SPX_40D,-0.016355569,0.020363288,-0.08012532,0.0781568,0.0005098004,-0.029881015
SPX_60D,-0.042009607,0.002805713,-0.045978814,0.054680213,-0.0076256245,-0.02158655
SPX_120D,-0.0047822148,0.03706836,0.027973067,0.09914516,0.03985109,0.03252071
