,1d,5d,SM,M,Mean,5DSM Mean
SPX_1D,0.00024567792,0.0020875472,-0.004772433,-0.003478855,-0.0014795157,-0.0013424429
SPX_5D,-0.01772633,-0.006884195,-0.019078653,0.019663054,-0.0060065305,-0.012981424
SPX_10D,-0.012778218,-0.00049997796,-0.018389365,0.007641301,-0.006006565,-0.009444672
SPX_15D,-0.029053863,0.03364446,-0.036529418,0.009205701,-0.00568328,-0.001442479
SPX_20D,-0.026365979,0.033791415,-0.040785376,0.015909733,-0.004362551,-0.0034969803
SPX_40D,0.015901381,0.02177533,-0.08299431,0.049780622,0.0011157552,-0.030609492
SPX_60D,-0.001343003,0.0035620807,-0.029834496,0.025742983,-0.0004681088,-0.013136208
SPX_120D,0.077946685,0.054875426,0.004798538,0.06060913,0.049557444,0.029836982
