,1d,5d,SM,M,Mean,5DSM Mean
SPX_1D,-0.005404135,0.0042355456,0.0031863586,-0.0036431728,-0.00040635094,0.0037109521
SPX_5D,-0.018681202,-0.0062882197,-0.029287815,0.02001687,-0.008560091,-0.017788017
SPX_10D,-0.008535421,-0.007992606,-0.019265665,0.0014178731,-0.008593955,-0.013629135
SPX_15D,-0.025459258,0.036683656,-0.038752355,0.0048008934,-0.0056817657,-0.0010343492
SPX_20D,-0.019987032,0.03351433,-0.039683904,0.027593017,0.00035910215,-0.003084788
SPX_40D,-0.009871063,0.012781037,-0.078061536,0.081286184,0.0015336554,-0.03264025
SPX_60D,-0.030622756,-0.010410973,-0.073285565,0.04141187,-0.018226856,-0.04184827
SPX_120D,-0.069792554,-0.033709854,-0.017229069,0.06645915,-0.013568081,-0.025469461
